"oracle","synth_validation","raw","r_boost","r_lasso","causal_forest"
2.36715668545409,4.86063314408652,13.3759616230685,5.93770204576999,5.40323988526376,5.665064053339
