"oracle","synth_validation","raw","r_boost","r_lasso","causal_forest"
2.81810654968788,5.50325860696891,13.8841109446455,8.68900766966334,6.47276607443593,4.28474143926428
