"oracle","synth_validation","raw","r_boost","r_lasso","causal_forest"
0.421622393330956,0.702826333435891,8.25349782419822,1.19100828177591,0.535061456090985,4.1841344421674
