"oracle","synth_validation","raw","r_boost","r_lasso","causal_forest"
3.86174111334344,8.37581449185476,17.9902761003619,7.93309018587071,9.20189212526436,8.52631627858532
