"oracle","synth_validation","raw","r_boost","r_lasso","causal_forest"
2.74200242884632,37.0655884054038,45.2469769185708,3.29936899031234,66.9589574317215,38.9371284976836
