"oracle","synth_validation","raw","r_boost","r_lasso","causal_forest"
1.62981377977817,1.71704687916518,1.71902097045157,1.6899051061006,1.69033231040843,1.73603679207515
