"oracle","synth_validation","raw","r_boost","r_lasso","causal_forest"
0.0931715192615799,0.204862928892221,0.203534972542258,0.216530453521374,0.159516620352475,0.205679093398996
