"oracle","synth_validation","raw","r_boost","r_lasso","causal_forest"
4.93379281924094,135.2600468574,50.0232288121259,7.75998243689905,347.941791484774,62.5364703060553
