"oracle","synth_validation","raw","r_boost","r_lasso","causal_forest"
2.28240115626753,19.1058496618587,73.5168959476989,2.38572153009312,14.2256559582632,27.5031145263081
