"oracle","synth_validation","raw","r_boost","r_lasso","causal_forest"
4.14927889529023,100.322755510994,192.985299834005,4.68978286104315,100.0725684426,182.281860987479
