"oracle","synth_validation","raw","r_boost","r_lasso"
4.397258,11.9228629539261,11.9228629539261,4.397258,4.47666971216015
