"oracle","synth_validation","raw","r_boost","r_lasso","causal_forest"
0.0615131948999949,0.171725876933306,0.10468448745335,0.294612484393347,0.252984664296393,0.16904639822062
