"oracle","synth_validation","raw","r_boost","r_lasso","causal_forest"
6.44342924046521,6.61459132404573,6.96121694206148,6.45275982686638,6.58552157692313,6.64293780008459
