"oracle","synth_validation","raw","r_boost","r_lasso","causal_forest"
2.41669083575963,25.44265689436,33.0900047466668,3.72814540210275,45.0626637479825,26.8745708319837
