"oracle","synth_validation","raw","r_boost","r_lasso","causal_forest"
0.0248574086686584,0.0635599296322458,0.752779955168145,0.0328731550708894,0.078263659614246,0.0532694874925301
